日付,案件内容,プロンプト版,AI判断,AI信頼度,実際結果,正誤判定,カテゴリ,金額レンジ,備考
2024-01-01,マーケティングオートメーション導入,A,条件付き承認,82%,成功,1,システム投資,30万円,効果測定条件が有効
2024-01-02,マーケティングオートメーション導入,B,承認,88%,成功,1,システム投資,30万円,過去事例参照で精度向上
2024-01-03,社員研修費用（リーダーシップ研修）,A,承認,75%,期待通り,1,人材育成,12万円,
2024-01-04,社員研修費用（リーダーシップ研修）,B,承認,85%,期待通り,1,人材育成,12万円,Few-shot学習効果あり
2024-01-05,新規SNS広告キャンペーン,A,承認,70%,効果薄,0,マーケティング,45万円,ターゲット設定の評価が甘い
2024-01-06,新規SNS広告キャンペーン,B,条件付き承認,78%,テスト後成功,1,マーケティング,45万円,段階実施提案が有効
2024-01-07,オフィス改装費用（執務エリア）,A,却下,85%,代替案採用,1,設備投資,80万円,コスト削減案を提示
2024-01-08,オフィス改装費用（執務エリア）,B,却下,90%,代替案採用,1,設備投資,80万円,過去事例で精度向上
2024-01-09,セキュリティソフト更新,A,承認,95%,問題なし,1,システム投資,18万円,必須案件として正しく判断
2024-01-10,セキュリティソフト更新,B,承認,96%,問題なし,1,システム投資,18万円,微差
2024-01-11,展示会出展費用（大規模展示会）,A,条件付き承認,65%,効果薄,0,マーケティング,120万円,過去の失敗事例を重視すべき
2024-01-12,展示会出展費用（大規模展示会）,B,却下,80%,却下正解,1,マーケティング,120万円,過去事例学習が有効
2024-01-13,人事システム導入（クラウド化）,A,承認,80%,成功,1,システム投資,35万円,
2024-01-14,人事システム導入（クラウド化）,B,承認,87%,成功,1,システム投資,35万円,類似成功事例を参照
2024-01-15,チームビルディング研修,A,条件付き承認,70%,効果あり,1,人材育成,25万円,
2024-01-16,チームビルディング研修,B,承認,82%,効果あり,1,人材育成,25万円,過去成功事例参照で確信度向上
2024-01-17,CRMツールアップグレード,A,承認,73%,期待以下,0,システム投資,28万円,既存機能との重複を見落とし
2024-01-18,CRMツールアップグレード,B,条件付き承認,81%,段階導入で成功,1,システム投資,28万円,慎重な判断が功を奏す
2024-01-19,動画マーケティング予算,A,承認,68%,効果薄,0,マーケティング,55万円,ROI予測が楽観的すぎた
2024-01-20,動画マーケティング予算,B,条件付き承認,76%,小規模テスト後撤退,1,マーケティング,55万円,リスク管理が適切
2024-01-21,ITインフラ強化（サーバー増強）,A,承認,88%,成功,1,システム投資,95万円,
2024-01-22,ITインフラ強化（サーバー増強）,B,承認,92%,成功,1,システム投資,95万円,技術的根拠を詳細に評価
2024-01-23,新卒採用イベント参加費,A,条件付き承認,72%,成功,1,人材育成,40万円,
2024-01-24,新卒採用イベント参加費,B,承認,84%,成功,1,人材育成,40万円,過去の採用実績を考慮
2024-01-25,業務自動化ツール導入,A,承認,77%,大成功,1,システム投資,32万円,
2024-01-26,業務自動化ツール導入,B,承認,89%,大成功,1,システム投資,32万円,ROI計算が正確
2024-01-27,海外市場調査費用,A,却下,83%,見送り正解,1,マーケティング,150万円,
2024-01-28,海外市場調査費用,B,却下,91%,見送り正解,1,マーケティング,150万円,市場リスクを適切に評価
2024-01-29,社内SNSツール導入,A,条件付き承認,69%,失敗,0,システム投資,22万円,社内文化との不一致を見落とし
2024-01-30,社内SNSツール導入,B,却下,77%,却下正解,1,システム投資,22万円,組織適合性を正しく判断
2024-01-31,管理職研修プログラム,A,承認,79%,成功,1,人材育成,48万円,
2024-02-01,管理職研修プログラム,B,承認,86%,成功,1,人材育成,48万円,実績ある研修会社を評価
2024-02-02,Webサイトリニューアル,A,条件付き承認,71%,段階実施で成功,1,マーケティング,85万円,
2024-02-03,Webサイトリニューアル,B,条件付き承認,83%,段階実施で成功,1,マーケティング,85万円,リスク分散提案が的確
2024-02-04,データ分析ツール導入,A,承認,74%,期待通り,1,システム投資,38万円,
2024-02-05,データ分析ツール導入,B,承認,88%,期待通り,1,システム投資,38万円,活用事例を具体的に提示
2024-02-06,インフルエンサーマーケティング,A,承認,66%,失敗,0,マーケティング,60万円,ターゲット層の分析不足
2024-02-07,インフルエンサーマーケティング,B,却下,78%,見送り正解,1,マーケティング,60万円,ブランド適合性を重視
2024-02-08,リモートワーク環境整備,A,承認,87%,成功,1,設備投資,42万円,
2024-02-09,リモートワーク環境整備,B,承認,93%,成功,1,設備投資,42万円,生産性向上効果を定量化
2024-02-10,営業支援システム更新,A,条件付き承認,76%,成功,1,システム投資,52万円,
2024-02-11,営業支援システム更新,B,承認,85%,成功,1,システム投資,52万円,営業効率化の実績を評価
2024-02-12,オンライン広告予算増額,A,承認,69%,効果限定的,0,マーケティング,75万円,市場飽和を考慮せず
2024-02-13,オンライン広告予算増額,B,条件付き承認,80%,最適化後成功,1,マーケティング,75万円,段階的増額が奏功
2024-02-14,DX推進コンサル費用,A,却下,81%,見送り正解,1,システム投資,200万円,内製化可能と判断
2024-02-15,DX推進コンサル費用,B,却下,89%,見送り正解,1,システム投資,200万円,コスト対効果を精査