日付,依頼者,部署,案件内容,カテゴリ,金額,判断結果,判断理由,実際の結果,ROI_実績,学習価値
2024-01-15,田中,営業部,CRMシステム導入,システム投資,250000,承認,営業効率化の必要性が明確、ROI試算が具体的,営業効率30%向上、6ヶ月でROI達成,280%,高
2024-01-22,佐藤,マーケティング部,SNS広告強化,マーケティング,500000,承認,新規顧客獲得の重要性を評価,想定の1/3の効果、ROI未達,35%,高
2024-02-05,鈴木,営業部,展示会出展費用,マーケティング,800000,却下,費用対効果が不明確、測定指標なし,他社も効果薄く、却下判断が正解,-,高
2024-02-12,山田,人事部,管理職研修,人材育成,150000,承認,管理職スキル向上は組織力強化に直結,スキル向上により品質改善、顧客満足度20%向上,320%,中
2024-02-28,吉田,IT部,セキュリティツール導入,システム投資,350000,条件付き承認,セキュリティ強化は必要だが段階導入を条件,段階導入で問題なく、最終的に全社展開,180%,中
2024-03-08,松本,営業部,営業支援ツール,システム投資,200000,承認,提案作成効率化の効果が明確,提案作成時間50%短縮、受注率15%向上,350%,高
2024-03-15,井上,総務部,オフィス環境改善,設備投資,300000,却下,費用対効果の定量評価が困難,代替案で低コスト実現、却下が正解,-,中
2024-03-22,林,マーケティング部,ウェブサイトリニューアル,マーケティング,600000,条件付き承認,効果測定指標の明確化を条件,段階リリースで効果確認後に本格実施,220%,中
2024-04-05,木村,IT部,システム更新費用,システム投資,400000,承認,保守期限対応で必要性が高い,予想以上の追加費用発生、見積もり精査重要,90%,高
2024-04-12,斎藤,人事部,外部研修費用,人材育成,600000,却下,ROI不明確、社内での代替手段あり,社内研修で同等効果を達成、却下が正解,-,中